x1,x2,x3,y
0.12485893139330484,0.2712166978525776,0.6147697691093583,0.010385482871176022
0.05751486178661125,1.0,-0.748920322381031,10.281803324184878
1.0,-0.06878791881306023,0.5164389335873989,6.742619530061722
-0.8974988790675655,-0.27770423469618777,-0.5878251375989236,0.6958105081847064
0.49620568320660774,0.18498775945176393,-0.7053737761855365,1.4087859371045592
0.6501609710676781,0.9679795551334087,1.0,10.392738127660754
0.9633593373789933,1.0,0.07397968852138237,13.370690828040802
-1.0,0.7419836811626386,-0.10414833299483028,0.0705760454185172
-0.22834954192835588,-0.36029128738054617,-1.0,-3.3790151909262542
-1.0,-0.9928843377632426,-0.055659932007851465,7.408375266867668
0.3048443930321669,-0.015392902813764042,-0.557761135825755,1.6950329237516026
0.4895821296325815,0.7802876240075289,-0.14112247211613704,1.9889435572839242
-1.0,-1.0,0.3935670535380431,11.689453449186516
-1.0,-0.30592742430687414,-1.0,7.574805222017981
-0.41391985821113586,0.16612496564716217,-0.5806090714461838,0.23824319736782723
-1.0,0.7005973175624642,-1.0,18.904284326910417
-0.012616370854209746,-0.261585513951635,-0.11067877024536132,1.0543958812274319
-0.033896927087869955,-0.13799798164387234,-0.9053394279622358,-1.9574263997848713
-0.895161962230943,-0.1511235786075904,0.25319085821056553,-1.286126081233932
-0.7172219185173947,-0.8526371707272955,-0.3003362957189515,4.323700227947379
-0.4976936879630325,-0.40926078388408427,0.27070788473609686,0.790716603235553
0.6071907003115689,-0.42138745516774834,0.6478057373984214,1.2230819861804758
1.0,-0.43088016937941176,0.5807916529628718,5.5256218670438715
-1.0,0.9880624263439393,0.2632132552782249,3.8879521208089596
-1.0,0.976823306972578,0.7256289111621781,1.1297267093999142
-0.4936708559737111,-0.5915829684496225,-0.022939425834008986,1.0256826946567257
0.1573591838059032,-1.0,0.29338737324618247,0.9061382242022611
0.22327129213492847,-0.18122179530835214,0.8040443192218607,-0.8198616299329033
1.0,-0.09533385392919858,-0.038072333871786324,5.517610447797432
0.9377776775844013,0.5776182365905469,0.563193246230886,8.210241285804663
0.258479912166502,0.042354392978671385,-1.0,-2.903930940283619
1.0,0.19706436560896168,-0.7913316234228318,7.5508330244189255
-0.034670649154017186,-0.5754164815758909,-0.18643351714596035,0.9194384519081092
1.0,-1.0,-1.0,-30.132402730800166
1.0,0.15461963847585003,1.0,14.993959755112677
0.601461209380002,0.8241731857610937,-0.4899060641561839,3.396396260327711
0.4887104288691779,-1.0,0.13736712933954864,0.3634372368245575
-0.5820791286570743,-0.05344255832984013,0.023668572604184535,-1.7225635887840451
0.9609384017700904,0.35961260025874364,0.7318701489276163,10.051091657560006
-0.17327956199131767,0.9850435934482566,-0.0315945549868053,7.509849039674059
0.2476987503192527,-0.6782349938397612,0.5055400245737427,0.3256236896509207
0.5679058002871944,-0.8799255536245663,-0.5259034772351336,-0.4813995937353911
-0.7248631503980743,-1.0,-0.6551785302089577,1.1578559828795663
0.2968599866622583,0.5232387358978019,-0.08708104314391907,0.553494992645728
-1.0,0.40452800716254744,0.9833470964181152,3.0461217508976133
-0.42822477852048735,0.2592473184650781,-0.5393991474899331,-1.0631621110892349
0.7603636726810092,1.0,1.0,13.765819723324084
-0.5954042531304913,-0.3857821119789884,0.5518797933295809,0.3688435525015138
0.7200479310193448,0.5125305551925317,0.9831193668367073,6.866342430149759
-0.1362325666393196,0.33337787783847395,-1.0,-3.142314555013991
0.3625597493175534,0.7914896561312754,0.4594000628831745,2.389596562448054
1.0,1.0,-1.0,38.89750023918815
-0.05518743257572911,1.0,0.15855325592978597,7.97186175791909
-0.4455232282969135,-0.6821307748741594,0.4197179304325871,0.8972460183849461
0.06238263069111616,-0.49982867980670287,0.03287169246925492,1.3275654596550173
-1.0,0.4017083126043419,-0.18774979747592524,-3.177522943096747
-1.0,-0.21277833706310734,-0.0882080147007398,-4.757350535639478
-1.0,-1.0,0.2638770667967689,9.591999018048584
0.08544594886217216,-0.6943249115381631,-0.35308070268569636,1.1540066007975696
-0.758924218684313,0.6220463502834679,0.3300562666305027,-2.464789374506014
-0.8970419231965767,0.7659029351337006,1.0,8.524511510669127
-0.39846235115930595,-0.8895852904102164,-0.050333726841808035,2.957880171370686
1.0,0.13574153905188213,-0.3781848577216662,4.190014501221097
0.27748070120229307,-0.29051702954435266,1.0,-2.732102373364182
0.7531312223545725,-0.7729803680004201,0.08784789803705784,0.5605019830813873
-0.3268207906464995,-0.12124113476991627,0.5388064112193498,-0.007951641393788615
1.0,-0.8767738524332103,-1.0,-12.356337294094796
0.553826916768533,-0.6448444010714465,-1.0,-8.730108586445738
0.0033074868409272984,0.6398392135290398,-1.0,-4.35026359674626
1.0,-0.4236904620465427,-0.5966725377363662,4.684073446519369
0.7782028354262465,-1.0,1.0,-7.5760838624577245
-0.39319581745068,0.11763330511454284,0.6123041201356272,0.170509642157552
0.4333994318729226,0.43274435089474794,-0.8990061700263854,-0.8565594688430993
-1.0,0.6873413487325872,-0.8588652318383825,11.272522210277168
1.0,0.2944754764185278,-0.015542978465863833,6.062546664631878
-0.6616244307775299,-1.0,0.5552391356520818,3.9204291128027515
-1.0,0.7418493475247387,0.28125705499631515,-1.668310313845606
1.0,0.2963925184925529,-0.27024457524333756,4.562374172375745
0.5601946907505668,-0.2140954221656184,1.0,-1.8877476019912935
0.6171699903935768,-0.34747252628980707,-0.6458232740581411,1.062149686651825
-0.44546270491024087,-0.35151063095599255,-0.06896712406220518,0.9386702530995965
-1.0,0.5997148469852822,1.0,6.438922073329464
-0.04364215092887225,1.0,0.7942125587914375,9.8682886957881
0.8844892484961995,0.4358031644319449,-0.8414951458740911,4.357390387814675
0.12589716431726194,-0.5508198880043034,-0.8663756838731236,-2.6518557892910977
1.0,-0.9132814052460319,-0.441347368708636,-3.5285166641897425
-0.8653559260124244,-0.19534789827139742,0.04505473516830616,-1.4372084837553343
-0.2522370835344341,-0.44308345629958046,-0.3681780439078859,0.831514947742711
-0.8959606327607488,-0.4675877692404069,-0.421850630443279,0.3127865101117739
0.9855605940632208,-0.2186142498944168,-0.9600965090160241,5.920950707389306
0.5847847351481488,0.17468426823563288,-0.2445820290073859,1.433857709871329
-0.40295531627826753,-1.0,1.0,-2.7139863110501814
1.0,-1.0,-0.41691700448015334,-10.177457278215918
-0.5183329788929056,0.7558168487275252,0.963785541492624,6.1065515675457505
-0.40966653379828544,1.0,-0.4932212235290301,6.460557044195222
0.20422409712740275,-1.0,0.5515882668455523,-0.3854408076465516
-0.20513086921638046,-0.5118445658666901,-0.19902602287671245,0.6245214765677
-0.9201246164821544,0.13602958073728932,0.9468950238866232,1.4670788269499742
0.1558986702414913,-0.19330435720346606,-1.0,-4.5130985321618
0.9769724902585224,1.0,-0.7257869112789761,24.775541032408913
-1.0,0.5199816584149048,1.0,5.214895262146285
-0.1955407362248649,-0.6596129789597511,-1.0,-6.9797454704068915
0.747961618450292,1.0,-0.1286776508759382,9.58213179483441
1.0,-0.6998105182181888,-0.05813075247240995,2.4353551805229876
0.37441056134914485,-0.6447561885018165,1.0,-4.172895297092685
-0.3513714246534527,-0.24875223159688442,1.0,0.6296537925554443
1.0,0.009754263803415153,-0.2451090261549893,4.181490599085511
-0.2807729204892693,-0.7468907493430896,1.0,-1.0426063873664184
-0.39101473341299164,-1.0,0.3854152359150107,2.8970397792635683
0.03416048043946751,1.0,-0.04149172079728758,8.175132437965459
-1.0,1.0,-1.0,21.496944134992113
0.5643209573486865,0.10824335859678014,0.7146329251464607,0.8921015698419927
0.1329772260296822,0.654694449802588,-0.2116799778667784,0.6234979652163908
0.7557780342609508,-0.042077966001515366,-0.4168198612081204,2.723041548778901
-0.33994989307266676,-0.25478663609651964,-0.2528818697759865,1.153030292254543
-0.9337876578778617,0.534814661627206,0.2122047502890585,-3.2335333701723052
-0.333635843164684,-0.018794356779877175,-1.0,-1.5483242590422468
0.5182589884111526,0.1916503006040915,-0.023942413183984046,1.202076360055587
-0.041298993181105415,0.44463228256235054,-0.06802405849189319,0.4729349928360295
-1.0,0.6664816757028043,-0.626259554264835,3.889296630298433
0.5458164617001828,-1.0,-0.17040550849602254,-1.0130348306764538
0.8018734410656729,-0.7970083848469776,0.7834657841800154,-0.7528910079727893
-0.4151666123713502,0.6720450538489542,0.49618475393339057,0.1584546098930051
-0.6215443388217872,-0.3428041425056887,-0.39789442720391865,1.14388324049476
-0.13387852777740572,-0.3277833207860301,-0.9860993069240218,-3.7934666408087
0.1671934770896668,0.1652913681367958,0.20696935969276953,0.8069808286346147
-1.0,-0.9521384279556933,-0.6381886666461232,3.9527414489292356
-1.0,1.0,1.0,17.14781360515459
-0.5462965770710317,1.0,1.0,15.638522409537503
-0.36289399768798924,0.2210364233767097,0.9145086577433994,1.017620259176168
1.0,0.018428241439262916,0.17846808140809345,5.292476272699381
1.0,-0.2244506737587304,1.0,8.39460772098924
-1.0,0.45826804943042476,-0.6383340573058562,2.932891272419507
-0.6982137263891164,0.4804944255270789,-0.1679251566570792,-2.2515514364733282
1.0,0.208316224736377,-0.5677717204785411,5.14063602833949
0.9029478165075002,-0.6871844522674344,0.6409878194097145,2.3029657427626145
-0.5802504698662956,-1.0,0.8333965401139827,1.081514004913512
-0.3300281216345877,0.15516552754855328,0.43967025677271065,-1.1025694871874452
-0.027160870879715304,1.0,-0.8112427415763881,8.843988235082453
1.0,-0.20758322333123358,-0.22592184071873556,4.6621782944772026
0.8979584486884036,0.3922773487330533,0.4394834163754422,5.334416149777951
1.0,-0.9066208433956338,-0.5329739485266518,-2.669923497586252
-0.19136103013241312,-1.0,-0.6546048110076634,-1.9113137541382834
-1.0,-0.25823260746500565,1.0,5.748783545980344
0.33103977318815514,0.22752075906607394,0.5400541970752926,0.4445816570221849
0.6020810758866275,0.17194039337437794,1.0,1.4219766649441752
0.3105226438143218,-1.0,1.0,-7.0556201694513305
-0.07187637416120651,-1.0,-0.1415537073002877,2.7394781057996003
0.14179512107393255,-0.18147486655561718,0.30998593841461974,1.12763068570721
-1.0,-0.9791936092211599,0.37015035771759597,10.668756462891125
-0.12019855981256722,-0.18703558888571226,-0.0394531313378077,1.047405300771259
0.7403465504082509,0.10262699887211046,-0.21789292578438713,1.3162206765612066
0.055040729611375516,1.0,0.5685204767354106,7.914434099892304
-0.2843329420527094,0.006529117041594201,-0.9473869908372328,-1.2494152423187959
-0.4454538354541828,0.406947052333408,-0.6520535868751414,-0.8160592734190668
0.19027792677631306,0.5110501762240902,-1.0,-3.6526343790074596
0.8625025538435767,-1.0,-0.6632158615297017,-10.735949490001989
-0.41770435775537473,1.0,0.13372243041084686,5.1182650866777895
-1.0,-0.7849581240970416,-0.45850769854553963,2.5865625709055187
-0.5277758739439666,0.3841730985549614,-0.9103242845002757,-0.5310532690856026
-0.8744883059137238,-1.0,-0.9161740426194371,-0.26960403878062666
1.0,-0.984659570497532,0.06573937714916744,-6.744229973102987
-0.9088970728149364,0.965299579733153,-0.056171578355106,4.259487296749949
-0.005445572222677386,-0.6407673814441239,-1.0,-6.780633515280654
1.0,-0.7951006032258776,-0.8106136731441131,-0.5778194454773979
0.8406025328447908,1.0,-0.40190210811552585,12.215765275944515
-1.0,-0.6163611633637396,0.4031670008074866,1.3369369058760279
0.1926711308904996,0.7063338621074913,-0.7434604061328742,0.7031474494336766
-0.5052959870530651,0.2191178450675908,1.0,2.2223546568864645
0.7485605713246217,0.5404610263957286,0.022785919820027978,1.8210153918141763
-0.26280066560277127,0.795924380969885,0.38485148131714464,1.2079117690460799
0.7581605033844272,-0.5474046359843516,-1.0,-6.944744749944064
1.0,-0.6985783749749146,0.6596639661482937,3.6611254171865317
1.0,0.7250760508387168,1.0,25.289153947452196
-1.0,0.058724930585565716,0.8288225202389989,-1.225976140674803
-1.0,0.8719720676851486,1.0,13.743894563546775
-1.0,0.4815807113812025,0.00928541191395249,-3.2301919461730915
-0.46341108776545226,-0.4213162393524068,0.7608847941792072,0.5708611712928187
0.7154436064884688,0.44096755444335023,1.0,6.659423303272595
1.0,1.0,-1.0,38.81707760328545
0.2635861076837436,0.5967739054218524,0.2497542621908213,0.5325455443502508
1.0,0.21826207879973647,-0.37377414832980715,4.6007818363831205
0.9103995804396863,-0.20706381913622685,0.3186524278552678,3.5956174643781993
-0.14621247179050956,0.6467680828607221,-0.004937789373979928,0.07325988787033065
0.6361422871632085,1.0,1.0,10.846386275485363
-0.3742220205151272,-1.0,-1.0,-13.81590398931541
-0.16450818372706277,0.9380968219080883,1.0,11.89989509734688
0.6623114649403128,-0.23169901710333418,0.3531386331342099,3.1812960986036316
-0.04470786738817312,0.13840711655882454,-0.14844338620489417,-0.58102977892765
-1.0,-1.0,0.5224275322639149,12.216537666777523
-0.04682395478132495,-1.0,-1.0,-17.189783875872404
-0.9896545890331059,-0.8282370704172797,1.0,17.422763920352335
1.0,-1.0,1.0,-9.086212186054878
-0.7077471378496707,0.4389518805925672,-0.03562270084090802,-3.140160958529165
-0.21886268887422133,0.5110204017445155,-0.3479681141705804,-0.03683281732957122
0.6020707603360105,-0.6630468097564277,-1.0,-8.789782701032049
-0.19538537772296283,1.0,-1.0,2.693938521025855
0.9915546080322715,-0.47832591207586606,-0.5076054973670951,3.974638773275485
-0.21656023520408763,0.4632170688813282,0.6471384960417086,0.8300271877355673
0.2608596712829456,-0.30816360909050333,-0.059485567317906884,1.453014745218784
0.9229540540997101,1.0,1.0,20.227766119709283
1.0,-0.8693625028079968,0.4501694591514027,-0.46966197664617687
-1.0,-1.0,0.2824725503051331,9.921617766445516
-0.46262514961545675,0.2551310365253612,1.0,2.5537814405970054
-0.08003990245763304,0.5260719060554819,-0.3268525573146672,0.7892916265553735
0.30940300433109624,-1.0,-0.44549581852528286,-0.7617466260026848
-1.0,0.1548397572710396,0.1075116943611869,-4.9109595668859995
-0.4938550277066749,-1.0,-0.018234493243811878,3.6253402526543828
1.0,-0.8145154840123878,-0.9057495985456079,-3.146694403706249
0.8444997958568294,-0.1561198775655701,0.4594953517332274,3.4424355352263736
1.0,-0.9162216708275228,-0.2293418203938471,-3.4175604301178657
-0.5081131379392729,1.0,-0.1772850378742301,6.130576290486193
1.0,0.616507794750095,0.2243135058611747,7.9965767197179325
-0.5167387527634235,-0.7346232800132209,0.43365929386680735,1.2451353153506342
-0.22303474628272268,0.1200056240364431,-1.0,-2.8217774130068993
-0.25914064687016647,0.3192177123681379,1.0,2.5197861674881596
-0.20735608228203128,-0.01201174238763425,-0.28025359070157196,-0.1648047786631467
-1.0,-0.12559571287638982,0.8544804250090583,-0.29145197378797366
-0.987117178560402,-0.3842917088717219,-0.7697163171457022,1.3610639166075018
-0.037145793268817284,0.4893209028297696,0.5326693521218939,0.29996350785950987
0.588627147578396,-1.0,0.7782446675628616,-2.4594833858109455
-0.41417145420895807,0.5428760558855288,0.9915458473057668,4.179881458044631
-0.6549122157708565,0.49786449474379046,-0.3367215291155645,-1.6912934748625552
0.43456914693095894,0.4495613822579878,1.0,3.0287986723698954
0.14353950144131278,-0.019908801680473154,-0.5446229485495471,1.6197411147366396
-0.8431570024873265,-0.14057544071456363,-0.8502483570488011,3.2086601395275722
-0.060187931380825344,-0.49824318362817177,-0.7314950034924175,-0.0884754159083094
0.17819591686284308,0.5541220367690838,-0.7196134588641303,0.07575506090144385
-0.8030269460306174,-0.4653092121432012,-0.2899719003757484,0.7842002525424598
1.0,-0.7813057710358957,0.6227896668944013,1.922075474446794
-1.0,-1.0,0.45312691593360377,11.740054698721208
1.0,-0.35939354809261315,-1.0,4.23568767442204
-0.9868257845595547,0.26464363904242916,1.0,3.2829315986655447
-0.8333265879187501,-9.269209060813743e-05,-0.06880568963986966,-2.0724518371488014
-1.0,-0.3017292557452762,0.04081881333289994,-3.449301123003127
-0.452467867976863,-0.7935596175862167,0.9248093512328759,0.10105665410439266
0.74348377821568,-1.0,0.6359044518658201,-3.14560390586312
0.35569380420205055,-1.0,0.08416565016987176,1.08298764409661
1.0,-0.9540811112245358,0.7574009462161284,-3.4779294373554857
-0.5009343875160008,0.19697183788980155,0.8932606542225641,0.42902817880742866
0.6154469603702317,-0.5857427592869793,-0.26085053539196035,0.8967144877576072
-0.6836673236266919,0.38294131042444013,1.0,2.447039900852053
-0.8458660242295002,-0.8586551375195308,0.3141334209693498,4.756081016280133
1.0,-0.6288420505421721,0.44238983028895196,3.6316413419000266
-1.0,0.7747605973932337,0.18588736253058302,-0.3463680570793225
-0.4979484827608285,-0.6075242376964585,-1.0,-3.9151529368779014
0.8165115598438131,-0.6978843693813181,0.9723433889429884,-1.6900213072739323
0.5267508317428133,0.7630419930748182,0.7618533294838448,3.9285844525703597
-0.5349003232485927,1.0,-1.0,0.10059021668783658
-0.37096509369425057,-0.05277122489532271,-0.6839563901980519,-0.08570699685265903
-0.08842442527142058,0.1335404580037589,0.09654135245212636,-0.001340951441883842
0.31595015969442364,-1.0,0.82840290320608,-3.2334858301666585
0.913690472493595,-1.0,-0.041752103035860966,-6.9585380534612185
1.0,0.14588645103881848,0.050111660989949236,4.382918426165329
-0.001258483478542738,0.1601583945823124,-0.5462205772438544,0.5028837197629765
-0.6712217294519618,0.5721725329374774,-0.3641131627070895,-2.1760010096485165
0.9824330775858838,-0.845243795181154,0.6591142631155269,0.5209194629631737
-0.5401545045898541,-0.06972411096518272,0.5069958839868414,-0.07080359389891572
-0.25790596912634256,0.6794123068302096,0.8940448004166257,3.026231219834126
-0.6942028117190968,-0.11873071153563042,1.0,2.376769971733732
0.9716256399665877,0.1447018899106629,0.7851832288013176,9.763705955958788
0.8859237667095547,-0.8623746192815072,-0.38748173662626706,-0.7102643270588092
0.462600583787089,0.5159919714392682,0.7646930720031622,2.5297601208264218
0.32471240650641464,1.0,0.8879264770858768,9.56802144589461
0.9825373924697025,0.22849387682431943,0.7691780074120846,10.658506255945806
0.4714836534954343,-0.38051365233117584,-0.26028193599485205,0.24308900634470554
-0.48137116499197585,0.00958436241847438,-0.6906897395774421,0.19396626084269894
1.0,0.8352839982968174,-0.6299153644446265,11.696862000181568
-1.0,-0.9984356728769155,-0.09907483212118517,6.761651400799932
0.45457163782175036,1.0,-0.606540680162365,11.249143926388104
-0.040433814411880986,-0.06687776152011637,0.01330611160344719,0.6926264613392294
0.1507742540114143,0.5105288796407206,1.0,3.3754153783796808
-1.0,-0.05049153367763193,1.0,3.932458763560828
0.9709146094463414,0.34868864079579964,-0.4704938319693952,4.306584753289989
1.0,-1.0,1.0,-8.64623139272346
0.05286020112469636,0.9919370287679419,1.0,11.747803701139366
0.24066494703581953,0.3156571308184375,0.5426002802876513,1.319039526574966
1.0,1.0,-0.9120241631462729,34.525460423630555
0.7834100671925348,0.973794559762885,-0.14380584894463944,8.094001988703667
0.0827589016478194,0.2534647448998444,0.6179598281584884,0.7878646003612686
0.713081977972283,-1.0,0.9192414498808907,-4.853005134249755
1.0,-0.13104314449143417,-0.2680842056660866,4.4084438804021975
-0.21705998705829543,0.0023643587355630657,-1.0,-1.9155919384646853
1.0,-0.5304071454296175,0.337244260390666,3.802185257268644
-0.024723612613832602,0.11800194438314149,-0.46255665302731197,0.7335602157803508
-1.0,-1.0,0.8399012325807336,18.08121743494123
1.0,-0.877787139083805,1.0,-3.867774006203382
-1.0,0.44332882313490174,0.8025970354078629,-1.9415388756322998
-1.0,-1.0,-0.02824064715758734,8.11285234282675
-1.0,0.5365665545344509,-0.03165046883470035,-3.1246266246583176
1.0,1.0,-1.0,39.50146305533719
-0.28065352349947803,-0.9618198151621709,1.0,-4.033620805095775
-1.0,-0.9191437526437409,-0.07477536572422183,5.249223725962514
-0.0688871661635373,-0.24266800570145608,-1.0,-3.7706089714825186
0.8011078363987532,0.5580563121976947,0.9404080955993477,9.247346312390443
-0.43125454265514684,-0.35719501062839143,-1.0,-2.593406935731553
1.0,-1.0,0.0954502784691531,-8.259770602134202
0.006646761361741804,-0.6876473400541538,-0.49184553983113544,1.470711284402623
-0.6352537829985436,-0.5537102752539276,0.21903904176131617,1.2365679053712486
-0.5918979311531454,0.5722834292041277,0.04355152401865703,-1.3531923751120922
0.5679807597015709,-0.894410781017625,-0.45272376554822613,0.05599161114447154
0.0787697191613208,-0.63836645351497,-1.0,-7.75856778550393
-1.0,-1.0,-0.8481708970063153,2.688837349960783
0.6969353086062544,-0.5675757559068464,-0.12315018144227641,1.4189312713247617
-0.9738120221933022,-1.0,0.43715297839824974,11.326586515398787
-0.9955102210806694,-0.7139010557514454,0.024122515911737752,1.3288877000387584
0.04781269555073275,0.6146545496975457,1.0,4.867422695337771
0.10467554000908708,-0.1433252207360065,0.47245783787936335,0.24508732222982993
-0.9761533470820316,-0.49559770569876416,-1.0,5.657726468854144
-0.6386865135524671,-0.426506190804969,-0.08180600997532594,0.5818014911836762
0.7580914244436405,-0.6949825115543591,-1.0,-9.373541842088363
-0.0014452198362375768,0.2730860345034365,0.12079578239590028,0.810637064149989
-1.0,-0.9472933222624065,0.19723397135582843,7.808473247812655
-0.5054819732937796,0.8029536237758268,-1.0,-3.471744947949955
1.0,0.35976859097162106,0.14651256024784742,5.80937916028207
1.0,-0.46043076493872426,-0.1511447769820531,2.9142398738694575
-0.7556708041682907,0.15083292913349533,-0.46647295463223104,-0.7384652103387643
0.5228020381192979,1.0,0.9940642251017844,9.662383696901879
0.6228175349191933,-0.6139239094243161,0.2126961681440538,1.5514386719504594
-1.0,-1.0,-0.24821751045013185,6.558405171684075
-1.0,1.0,-0.618773867946866,12.112855540391294
-0.15562537281716393,-0.48333367811813455,0.4634334284743269,-0.21272310469790878
-0.062196363660250276,1.0,-1.0,4.331253293956467
-0.6662043889007547,-0.4383816083407497,0.8357927874629123,1.04362940534315
0.30762747361440423,-0.8153263685508092,0.10299656878572128,2.60439918446172
-1.0,-0.297130273583629,1.0,6.001885833500619
-1.0,1.0,-0.8291115277554126,15.322917686434877
0.83275690146286,1.0,-1.0,18.750151250724453
0.8732816124420324,-0.08958348581990361,1.0,4.5798315818950055
-1.0,-1.0,0.6041256502097874,14.01903727842551
0.6333369873721018,0.1708047870640137,0.5690557049089864,1.4963169163750782
0.6344935891036099,-0.16608091003130632,0.7099997660266009,0.9035361506301373
0.1534536622705902,0.46280760030656665,1.0,2.774439938420985
1.0,-0.890969143786966,-0.5356510548721325,-2.65786749623459
-0.023655107954272836,-0.808648980095549,-0.05462517606714856,2.1725095966604715
-0.4232476513438015,1.0,0.7674463136562306,9.3718544626294
1.0,-0.3326940051234384,1.0,7.517724501819973
-0.7041475295307449,0.419690331924669,0.7275972806322308,-0.998759896209387
-0.015363994299711914,0.8239026910433265,1.0,7.724901514383585
1.0,0.23206425205325676,-0.3234977620301065,4.1177938614776215
0.2611418044239633,-0.3711189531686807,0.26284044138137763,1.4962672936609442
-0.27020744396505636,0.7995186167615074,-0.3595665311124079,1.679371808477742
0.7754095329150814,1.0,-0.34528643460099206,11.749961466940341
0.13059207552958463,-0.4518618054650423,0.1323767548681123,0.9308537842966615
-0.7039263539957314,0.8630680107503019,0.48871327660696307,-0.43053251587371316
1.0,-0.502780044891201,0.904066531619033,5.4883459837193165
0.18786892354225881,-0.358155040926456,-0.21643961767345243,1.4476904691183812
0.4421734318045598,0.21257949272741894,1.0,1.4034322307883489
-0.25798809711537074,0.5219170899238548,-0.04513673162724219,-0.5014612108888724
-0.6830870626532077,-0.3966608757809791,-0.0017446885813685586,0.2629036901950078
0.2753111272505444,-0.9862072067596017,-1.0,-17.50746866828278
-0.08358083452333331,-0.7710489469454505,0.7329881211555702,-0.834543647961873
0.939135361696926,-0.8210455179491987,0.5532722321321248,0.24521750645055074
0.9624829963338497,0.2661091571181382,1.0,14.849921492629136
-1.0,0.6594731425023161,0.21471112559220917,-2.7119404327391274
-1.0,0.2800833054455454,0.755845991299815,-3.2060701645302223
0.6620176467610766,-0.12611931306687696,0.61982579345061,1.4565294616350353
-1.0,-0.17870743698749858,0.8775884300228671,1.3409783579003847
0.5074128247085157,-0.4967598423199817,-0.0878451360813346,1.29063413928902
1.0,0.2766902827672708,0.49249726554101225,8.052833978044204
0.5888237331737023,-0.2271390716047208,-1.0,-3.526945143072169
0.6861773872268624,-0.6991832488572931,-0.42186539423222524,0.48459618594696546
-1.0,-0.44473645660819927,-0.7091306613813939,0.3634604468721951
1.0,0.36083191893527444,1.0,19.888940227016185
-1.0,-0.8592106130261239,0.4748181349799949,6.881775403280367
-0.37792085837068545,0.9071372751205848,-0.038481417955046116,2.618715254586116
-0.48087095160142557,-0.5973165450412201,1.0,1.475400806639581
1.0,0.29251552938672964,1.0,17.763702935565302
0.21500707208950987,-1.0,-1.0,-19.28357925059473
0.2511254288849658,1.0,0.11858655469782176,6.9651909921909665
1.0,0.10133869232807635,-1.0,10.356844619284013
0.20989303032267936,-0.08212701704120451,0.5172637569160028,0.9797850722289967
-0.4033360474604728,0.33955069040695807,-1.0,-2.3971689388683672
0.4490452388280566,-1.0,-0.1915024829698484,0.8781351321517439
0.9093325171990683,0.20495669946350392,0.777347440908476,6.900376047631654
0.49709805952710373,-0.39610917137462454,-0.3344608721973863,1.5169093462991086
-0.5804987361825811,0.26999501708984,0.06664482290473761,-0.19880015380726124
1.0,-0.042651318406271566,-0.7292471080044798,6.606907986931913
0.9323797286421176,0.5137724131969004,-1.0,8.26075042643443
0.18145177121248657,-0.8622307853330808,0.5338766814596243,1.1810038816868365
0.48656538203572386,-0.44389764627348094,0.3453227060279396,0.4192238601990186
-0.11014750057734801,-0.8025483735892935,-0.8281408844858065,-2.434515923379216
0.10937178145461002,-0.5636551462441857,0.0313245478190336,1.2510622192377356
1.0,-1.0,0.5614948552906402,-6.339925744035059
1.0,-0.5625416018655163,-1.0,0.13330329189736506
0.19228471133895564,-0.5347116086761223,0.44354255328015,1.4950442626776348
1.0,-0.17268461512630973,0.10307931983633378,4.8318164440977105
-0.032864386578242755,0.5305096610318132,1.0,4.750726372426332
-1.0,0.2367360712523099,-0.614722249792697,0.3427112566729207
0.8209068401098394,1.0,1.0,15.392231710971858
-0.6783273341085236,-0.7649691751597121,-1.0,-2.2789436661998512
0.17998807391563032,0.5039996160472835,1.0,3.0645411235891125
1.0,-0.7173270404751213,0.04981222976701094,2.230143997116988
0.09050118720420275,-1.0,-0.7104964389232193,-5.364862881097597
-0.4210188433603703,0.02797142066419145,0.5203085314757887,-0.1302787652304272
1.0,-0.12118162600244942,0.5144962488628133,6.806454111449705
-0.4118718168167428,0.6612178212967434,-1.0,-3.4169929489240114
-0.7745958606562908,0.5646164031463994,1.0,5.319174711412729
-0.6712662208768359,-0.1921315671973376,-0.831141197039317,0.48159588053718105
-0.316762980362588,-0.13890662478717797,0.96720746056983,1.4837522323843797
0.37231031110634594,-1.0,1.0,-7.771095791754757
-0.4918768125209505,-1.0,-0.7293541622218778,-2.216178499083041
-0.38270458550982656,1.0,-0.11394677352614724,6.999712457906034
0.061738810688729995,-0.5723437068045614,-0.25606253800265044,1.2538685926645872
-0.6230093993629451,-1.0,0.40699195419925793,5.1340057579003755
-1.0,-0.4451184108845958,-0.052982402887154834,-1.9864585499524732
1.0,-1.0,0.07854023783848585,-8.243872068791138
-0.09593805763713781,-1.0,0.21229796878226503,2.622140014314232
-0.3243637619391959,0.9030800595168313,-0.9440756291728061,-1.0810854900940887
0.2195756069872401,-1.0,1.0,-8.047232811338521
0.9746970460477669,0.48453735720348257,-0.20452732768828796,5.655873323465636
0.050485088928777566,-0.34233620111338725,1.0,-1.6601882878874514
-0.22122616863019773,-0.8782277247478216,0.2790434397954564,3.1132255950369956
0.44022564440909195,-0.5418677634142437,0.6827416462815168,0.6671225129760727
-0.8898493345532221,-0.0004447418453781271,-0.24388002721143098,-2.3200732514217455
0.38986142012035585,0.7613562997617636,-0.13713477281976116,2.1136021848215174
0.7244792926214614,1.0,0.33191260165204994,6.981360953372171
1.0,1.0,-1.0,38.9019224684819
0.20525104220472623,1.0,0.28684319236267686,6.444237942579558
0.47904695915280837,-0.3154687902498172,-0.9527066351536733,-2.39065633528697
0.38659068801144203,0.11502877337735562,1.0,-0.08260929482285234
-0.9199361823866095,0.5797938974251593,1.0,5.211492674099475
0.1384868754633073,0.5959424093860304,1.0,4.64563823607575
-0.8171629608815363,-1.0,-0.5766749686831447,2.999013762395319
-1.0,-0.31022882514613404,1.0,5.504840917914431
0.8728268992137402,-1.0,-0.6219542505418931,-10.053390914203886
1.0,1.0,1.0,25.972997182654655
-0.9085023926811353,0.380893771896758,0.0629603309017488,-3.4172793968931128
1.0,0.3618308076231407,-0.1666878256669817,6.102248900370132
0.33504191380190074,1.0,0.5484051519375044,6.773690318091103
0.6816810229935004,1.0,-0.778933655528655,13.84283963733235
0.041363486424356166,0.8535191543707139,0.6505867812360311,3.8093026992150505
1.0,0.8448430766041577,-1.0,21.67976053638585
0.11624417686797694,1.0,-0.33247273372204234,9.479384738735295
-0.0701991686315071,-0.5681369773028597,0.8441867911824827,-0.543917515300812
0.15510063573215938,-0.6513216524987555,-0.45590136029977235,1.1249993917172996
-1.0,-0.6196205660345784,-0.04433846452667889,0.23327475218460691
-0.2333242345792501,0.15697667103629565,-1.0,-2.461393573856495
1.0,1.0,-1.0,39.41762065907712
0.7830095395053169,-1.0,0.9552795577784701,-6.426112681947033
-0.4335615506755399,0.6151361569673619,0.30199220942142735,-0.7679972021023141
0.09583796303352798,0.5027893138943176,-0.19745184008242123,0.01705919616593521
0.59384680615719,1.0,-0.23841208794142466,8.909255420370599
-0.23043789442349882,-0.45243509388874736,-0.3259049327903458,0.5162989145701521
-0.15758477359769052,0.5008567619701152,-0.9976409673740563,-3.9223358410910185
-0.010674796796027897,0.06040979189174811,-0.2663748508410606,0.17162731371654594
1.0,0.17971110508369548,-1.0,8.709311354062038
0.7256556879395464,-1.0,-0.5365943311251726,-6.033903933611826
0.9526697903089096,-0.2894200936075282,-0.4256771496245002,4.007568999335081
0.4484200166700145,-1.0,1.0,-7.061264915685211
-0.5538911702112261,1.0,-0.6042994074102355,5.757869924969055
-1.0,1.0,1.0,17.29127456580296
-0.1295097852163578,-1.0,0.07779207390973397,2.650559204531007
0.32742739606700866,-0.9771261072517579,-1.0,-18.700509588199697
-0.25220808345385803,0.15226238653087654,0.27956593726743373,-0.3914883446609421
-0.43597506183345547,1.0,0.5439133488582111,7.020847424960942
-0.25781526758214257,-1.0,-0.9960154828565315,-15.59370914324456
0.5106814015537557,0.6093381286874953,0.5960131805921449,2.030725480924267
0.4264374148571539,0.4620151894897393,0.7882787095843167,0.9901421188026613
0.9900889531163106,-0.0324113351970321,-1.0,7.630471332785833
-0.7083680570494217,0.8832618245389392,0.454970539026462,0.4694679247055986
0.4316060190498703,-1.0,0.8354936543990641,-3.308966002843025
-1.0,-0.022179377084274643,-0.43592314509929375,-3.1176139847586612
-0.20146161489070513,1.0,-0.38640743907784536,8.190283648558164
1.0,0.99182617839163,0.6022052419869812,14.588273128696345
0.2406276008566428,0.9077352173420281,0.915081949896744,7.674507582363379
0.4390381922038138,-1.0,0.10387359727113132,0.2962848944827814
-0.5775778680763082,0.17189420584324577,0.14691420821348422,-1.3099535745264386
-0.20047883053501492,-1.0,0.14051429656572823,2.7595209760386417
-0.06849862906047965,0.2723370562120975,0.47000967797129145,0.33905393967176867
1.0,-0.00017013504157192827,0.5920411361997335,7.649659665942451
0.268583272873562,0.7499701260919422,-1.0,-2.643671544687453
-1.0,-0.18445889590468623,-0.5671176571791194,-2.289466885466188
-0.9860296169836453,1.0,0.6685207674559652,0.7313931228339562
1.0,0.6205488281647074,0.6169003480290607,11.966093052138998
-1.0,-0.7613804160703854,1.0,15.047499931672695
-0.9303113589696599,-1.0,0.21651565314396248,8.208422346362637
-0.38019804887892916,0.7704092651970889,-0.42467616281914444,-0.8215844347831358
0.4487769852235366,-0.2957987346613802,0.5902884938647888,0.34409728681725216
-0.9887342091880826,-0.7257049072967436,1.0,13.297404256364269
-0.7808450435838821,-0.4290337941294389,0.6647127492825378,1.4525367385033516
0.5983461079187267,-1.0,1.0,-7.570605287236449
0.4795303308280823,1.0,-0.18144175484093883,9.434319977578793
-1.0,-0.500899294726372,0.6974053852690472,1.9672816924451189
-0.11561542117291101,1.0,-0.36360039124917654,8.661489469320578
0.373292117612136,0.005186219303181083,0.41737776198433285,1.4880861787641018
-0.8334408675203637,1.0,0.7320456830543549,3.8820230483316527
-0.5127022011672158,-0.3010271445421444,0.27477993890194097,0.004889071005841628
0.1869817947360537,1.0,-0.6674974446562862,10.64698907216577
-0.8729981324515728,0.6331161238066978,1.0,6.215463808308375
-0.65818614616228,0.9174700009087384,1.0,13.012590148377107
0.4245454320860411,1.0,0.3027134511291225,6.927883285907494
0.49782700346402087,-1.0,-0.19031496433326,-0.23367626438690403
0.6627157313087244,0.12917784977066282,1.0,2.588236212862256
-0.9246465888516182,-0.6275105801598206,-0.1362628904911798,1.908907624540587
-0.8657189484415531,-0.8374598981390635,-0.10931476467287449,4.542451052859503
-0.4481332387243262,-0.899336059231219,0.45852407970161346,1.625238461755869
-1.0,-0.4103057331738258,-0.021730114388405886,-2.89228505325183
-0.03876338944901869,1.0,-1.0,3.953590809174454
1.0,0.5761630726992066,-0.880150113591422,10.255544732456539
-1.0,-0.05926173356689901,0.5685717075286099,-3.9098635776949404
0.1103033511424405,-0.4147634878783699,0.5359492512641248,0.35770813838608717
-1.0,-0.16828419392288718,-0.25549533326391116,-3.5334968127540156
-0.7250025447688564,-1.0,-0.7675257885738178,-1.7474000850690232
-0.9764262820009963,0.14235908989148705,0.4209566923475121,-4.526861386593422
-0.11634935897310794,0.4621457360882706,-1.0,-3.0642356199930636
-0.9585607748343137,-0.02645032530546021,0.3456532617864627,-3.0249016598364236
0.4550838170426432,-0.35342854610171526,0.2159250736752205,1.4827420547721104
-0.1795279935152927,0.7189719715895839,0.4111231654578791,1.1987118503808127
-0.2819545729609114,-0.6696563745520794,1.0,-0.30095479735142966
0.9830024558383377,0.024931194230384035,-0.1610407595872505,4.590980512162263
1.0,0.7718334370353581,0.33708268332058466,9.609389684427695
-0.2422857969887866,0.6012637174740538,-0.18320307639707023,0.2737778005825182
0.16227444933990065,0.2571606241372575,-0.86723872040596,-0.8614157030774112
0.6538695878093566,-0.828459731147932,1.0,-4.085147268751203
-1.0,-0.22300577850936043,-1.0,8.247703634933778
-0.4883462039873496,0.9270389066558569,-0.7422652222257338,1.691430845463747
-0.22953117603056672,-1.0,-0.09474794995663482,2.897779439108603
-0.4669576061909011,-0.791061088901247,0.06617693030711669,2.2493925793700753
-0.11515368848106111,-0.48534607628766513,-0.022556393098897898,0.8538232960329212
0.0410470840366699,1.0,-0.6664510122939926,10.847378640664672
-0.24653368635676132,1.0,-1.0,2.3595127420060984
0.626365635306515,0.27788487221449687,0.39463623312370255,2.442145989830345
-0.2793596339205293,-1.0,0.23301084155696672,2.5181027538859397
0.4319490057021844,-0.4269855450600113,-0.045750742535757505,1.4653497342782693
-0.9339911895472717,0.16339278516166744,0.353079131975081,-3.8804821502166673
-1.0,-0.6960067352705903,-1.0,4.263115528876538
0.6369761010849335,-0.6668873773289241,-0.028038248838918367,0.9655465077793925
1.0,0.535397417475411,0.7628569389974424,13.582410588111802
0.17510905937480592,0.3379724373664328,-0.6326363906584527,1.1347170549735348
-0.3446624634469124,-0.7534954492533812,0.8189038325853182,-0.08017229409667018
0.0203355624848236,-0.2374036112175626,-0.07834369295252808,0.6164976705175688
-0.31835143050179604,-1.0,-0.24023487898753704,2.9318060733899416
-0.045518882795621884,0.9413067653483373,-0.3638571368611505,6.0629818388565795
-1.0,-0.9542077311513721,0.198436121113565,6.981997774579138
-1.0,-0.06149404465495256,1.0,3.6061830231159804
-0.5325772238868653,0.4915288915915814,-0.05865249520736482,-1.2233139323765514
-0.424353556112923,-0.1436574066790155,-0.5434178818188649,-0.005167720836187328
-0.29961506208389,-1.0,-0.7819723779407748,-5.764521221307289
-0.042394633838116924,-0.1414483034254701,1.0,-0.18202898585490923
0.03432609665152664,0.35723514674695744,-0.5453228443526026,0.21915862986753995
1.0,0.45089251646311856,-0.2866492540537029,4.860617012999635
0.6801170983813412,0.5408802496781713,0.4523480527359187,2.771808553551987
0.5630167393319008,1.0,0.027629360309902706,7.180437488234694
-1.0,-0.09248758132270374,-0.8620075282512738,3.812429372640657
0.8364189068461474,1.0,0.8965034499554483,14.20611109971637
1.0,0.4208122814570181,-0.5065350115561842,5.190824320744893
-0.1669099624409831,-1.0,1.0,-5.775747057393268
0.9960826707844841,-0.34417622616064913,-0.48855296037007445,5.245509662556983
0.05080143212097643,1.0,1.0,12.977045983747564
0.5028581570995811,-0.24115343499638842,-0.21579464705810758,1.485684553030999
-0.41877022331696345,-0.02296471531626665,-0.6926019656454141,-0.43306854683848317
0.04662073177477599,1.0,0.42068702643362377,6.775589423469203
0.1056366293047919,-1.0,-0.48709339871664636,0.02772964657441479
-0.8762467981022111,0.13173073834109816,-1.0,7.2505809910306915
-0.15004364362029343,1.0,-0.21601619208479206,8.579993024345606
0.4797541260878586,-1.0,1.0,-7.109136847316303
0.04893428552057477,0.24084535097205606,-0.33037516634051656,0.9522342324146861
1.0,-0.7411677498669504,-1.0,-5.033678593734124
1.0,0.6025385967914836,0.43232347260381276,8.504583899371621
-0.930507982175633,0.3062106899679491,-0.017829197196580493,-3.1393619923702403
0.4125347024576669,-0.3990377721186533,-0.9363796058707252,-2.9813584497996986
-0.6315492676362364,1.0,0.09116403230792058,4.903080089316687
1.0,0.5162232969623399,-0.047698706546660086,7.021487690523081
0.013742442663993826,1.0,0.3973833973105887,7.329248798944323
0.47091524522467365,-0.9554574614816607,0.9304127499078676,-5.360628210877845
0.4250041004112888,0.017780231510535982,-1.0,-3.3987376414768744
-0.5055611180139818,1.0,-0.5882987138284177,5.866167286158821
-0.365791020537235,-0.4643651128370725,0.6845451317247888,0.22155890177528081
0.19597262834789175,-0.6205100237375949,0.08644792774283627,2.0173447135848335
-0.6645126322021611,0.8295956598612777,-1.0,-1.8490765445691286
-0.11250554872023866,-0.24706426851272667,-0.3099426905707914,0.5680358120013219
0.7350827618773097,-0.5443804509912338,0.23577057514227895,0.8687419602667399
0.6553699296592357,-0.01969512016435515,-0.07413980147725008,1.7605181498445361
-0.1942838353727696,-0.7095098394682111,-1.0,-7.066757355934492
1.0,1.0,-0.6110744167866451,24.047921015847443
-0.09682281549352445,1.0,-0.5515977304349791,8.815169226433259
0.5813647756432838,0.3708897723692801,-1.0,-2.065796994919222
-0.5766307353034228,1.0,0.026134833395083934,5.658935013455288
-0.426795151553238,-0.015308140221823807,-0.3283043941277559,-0.3544630254596585
0.5213662156188557,-0.11492627912135256,-1.0,-2.876317485542497
0.11121137484130439,0.8131758655275703,0.036827855697329825,3.2083114890905122
-0.29076635058415046,0.05746035590358134,-0.5038414259478452,0.43834840043503465
-1.0,-0.5325386796052785,0.14725259869419305,-0.5293435489737737
-0.3791679576714895,-0.36685490560939527,-0.9042834820294783,-1.635022533250151
0.46379958500752005,-0.6789918279795806,-1.0,-8.775446508622828
0.6588900490908984,-0.10975581865594641,0.6748584377602054,2.5408642572824895
0.7493804395921864,0.5455717207258548,-0.2610279072619055,1.687121458371045
-0.12616381960620493,-0.5944787574590096,-1.0,-6.294914004109064
-1.0,-1.0,-0.7361566893963383,3.8810882478897986
0.6720501654554254,-1.0,0.08370666529881077,-0.8717597184860923
0.3124708274522461,-0.7177287638042262,1.0,-3.411347971401602
0.966638883536896,1.0,-0.11786633797036927,14.587404400244655
1.0,0.9684664466765973,0.4540009947694612,13.199420632084456
-0.5189269092608009,0.5864254094474601,-0.9167567800372094,-2.513122053002811
0.7821825136425731,-0.7981164312868763,-0.9708400422312873,-9.890531020132668
0.7554521337861704,-0.4664252545286074,-0.8783253671908808,-0.659991348783686
0.2276374180808618,-0.8187443085927091,-1.0,-10.12856986134737
-0.4343707086399844,1.0,1.0,15.81185411009698
0.9396456466685581,-0.3480240706981965,-0.19773563881368794,2.5763400421498837
-0.4903369500996584,0.9479464359991125,0.38970546388063454,4.276429850914541
0.09162640871365202,-0.16494796606438777,0.24974642577567807,0.42574952834364
1.0,-0.9177960814895347,1.0,-5.275085362480411
-0.5209184702857392,-0.03815596522523945,1.0,1.4778635285841977
-0.6248694221252138,-0.12351207861598779,0.9034284313083749,0.8163707631141282
-1.0,0.9308059962965207,0.2815529684492626,1.9623968387756305
0.35639486339978643,0.3109375762890816,-0.14469348854223707,0.8876493358717079
0.4900976277960474,-0.6226488432159023,-0.01630982425581351,0.7564239625297492
0.6704001372390556,0.7124086378666747,0.20929704746445665,2.3506736101698213
-1.0,-0.2624743146875488,-1.0,7.991687879255542
-0.2337294662761651,1.0,-1.0,2.5095887414949436
-1.0,0.15969660181997525,0.9189147992366293,0.8739493818770294
-0.30954337029308343,-1.0,-0.38536799108800124,2.5556896788712153
0.7603094471277398,-0.07815911677772291,-1.0,-1.220463245501536
0.8827807457639147,1.0,-0.46899727114407685,15.036719170941602
-1.0,-1.0,0.4243149351137756,11.399537098871233
0.45502016309839677,-0.7515899286946466,1.0,-4.320148469616558
-0.16459544340987997,-0.27354549376010895,-0.09079163965972459,1.128739428496216
-0.031644236844756035,0.8911434888121228,0.7005628465203126,4.82336739100102
-0.6334605922106036,1.0,0.9227452550901014,12.222588714419178
-0.30340151289898176,0.4680210675254717,-0.4361822859294928,0.06545094438577015
0.4694713360033642,-0.6097281311156375,-0.06008264753980508,1.3095116402374742
0.1466349425432527,-0.7744178705859763,0.9365146913450748,-2.28675882834042
1.0,-1.0,0.3827895636237715,-6.6958648385854955
-0.5803236928402788,-0.2901709044152201,0.3015398974701997,0.09223573732962474
0.29530420914002176,0.21634905237537772,-0.2804401511935575,1.1197551770058285
-0.9364071258808944,0.013387974538946468,-0.127951825493259,-2.607892490782965
0.89814904687827,-1.0,1.0,-7.301128020990328
-1.0,-1.0,0.7353782138241061,16.336393920432815
0.20254772378966424,-0.7078183746803326,-0.874554019119735,-3.781527066493674
1.0,-1.0,0.7265024667816955,-6.646319753558824
1.0,-0.7734027245646868,-0.34826160586637833,2.3104703043614307
-0.6167089412139759,0.7859286267227055,0.7725384757222313,1.5583766427036594
0.1423270018489533,-0.9884937562591993,-0.17705460773827109,2.194746554907549
1.0,-1.0,0.33530766490307307,-6.933454352551232
0.5079575195456401,-1.0,0.9322895163179141,-5.451281869670566
-0.9498168490760841,-0.16569788747651604,-0.2779295156917232,-1.825737422432952
-0.7874636053532789,-0.5021809809326803,-1.0,2.0286014481471684
0.22675817036165413,0.7786432915724695,0.01306607523743275,1.9043648882768394
0.5129854289775861,0.4226067987982096,-0.8635708777354691,0.5603259323336236
1.0,0.7338492912418455,0.4652416350981947,10.75491063781451
0.48746961649945897,1.0,0.4977673966994429,7.373755555521518
-0.48863088029217305,-0.9138881544533934,-0.19757877835005377,2.9569775349988383
0.5740061641165162,-0.9690368768732909,0.20091946100150482,0.7793505700472069
0.899305019879306,-0.6179225857527311,1.0,-0.29660223135057306
-1.0,1.0,-0.9001206126645274,16.43083895118694
0.3372708209345272,1.0,1.0,10.537895530247
-0.8407307982119951,0.21848917147239955,0.42581720604392514,-3.1247457642040866
0.4395485752721866,-1.0,-0.4636679477910106,-1.8240130872416647
-0.44016208180004046,0.7235374107150665,-0.2271406631495474,0.019143676243015606
-0.5500553173514808,0.006306114832955512,1.0,1.6862463673894952
0.2026163905041669,1.0,-1.0,4.9276701332919925
1.0,-0.34843386183248093,-0.7194576561549979,5.742878264976174
0.7938063008700249,-0.6052060973273077,-1.0,-7.600500851929715
0.08079521921063448,-0.6266145224552193,-0.007870144145711633,2.044532808800585
0.18718878185477683,0.9517019904667428,1.0,9.853552088141225
-0.7931070866202461,-0.400390249999234,-0.32809826377594487,1.1212421045682608
0.024448849519228544,0.8152365091639957,-0.3075069811790405,1.7076071333768814
-0.22308444617772039,0.23967407787346962,-0.18001872686316256,-0.02944115051468235
-1.0,-0.3018078009685945,1.0,5.588667181595155
0.1756965454327044,-0.4101911170068544,0.06644942130207943,0.9256002928417979
0.038600462138605796,0.8355440038704822,-0.05929950113102356,2.552549574897182
-0.18673368816966884,-0.3800736963176541,0.8707298243240891,0.2738124658083969
0.2504002107314882,0.9515254211220276,0.7932412447628332,7.47141729921413
0.2332940540659394,0.06088663295230634,0.3530205323052833,0.44206045949264794
-0.26473790990267876,-0.15708319723971131,-1.0,-1.8464801531042614
-0.26388339043196907,-0.5595200631892514,0.39222092621623816,0.7447262446160944
-0.27594848302001695,1.0,0.4025265813841614,6.667739027112978
0.07829746504989954,-1.0,-1.0,-17.5826528505245
0.2834479854346783,-0.1578886049279038,0.195250492110574,0.45045414049765464
-1.0,0.018025946107172564,0.9988839575653985,3.336464790361295
-1.0,0.3816949795734641,-1.0,16.246580311181322
-0.6262083295093768,0.6133718437995574,1.0,5.980518212263405
-1.0,-0.28062343515487354,-0.2945939731797038,-2.5424562815331564
-0.929468135623094,-0.859566073283655,-1.0,3.654920836406362
0.6023342448646798,-0.9197617384381773,0.4401931378240169,-0.15103652617596586
-1.0,-0.4499044362511282,0.7938352252333392,2.5630404466056262
-1.0,-1.0,0.8240705625601019,17.39981287382077
-0.49246599471833385,-0.7472194918547992,-0.9707250371835974,-5.248885518590883
0.7179991089035709,-0.33641577980265835,-1.0,-3.330393936402503
-0.8637483460415574,-0.2515915366764263,-0.6374581863917796,0.9090235168847716
1.0,-0.5447699631630789,0.02837485426926789,2.5467078352941614
-0.7277364535024151,-0.8010504471316113,0.00888824423231438,3.0015949617280957
-0.4797853580835689,0.6455909963369171,-0.916057075620798,-3.165663815717837
0.6621341245992258,0.3091957333579065,-0.37954468835222066,1.0439923623288676
0.9745875020365209,-0.40633337448305173,-0.8851353936970883,5.190074683400102
1.0,-0.4906603136547407,-0.16405956883500328,3.8655765202808623
0.7124900038614659,-0.7512635363795035,-1.0,-10.76463211398142
-1.0,-0.08268289053913991,-0.1625537202882048,-3.8731222915341847
-0.22306444310864326,0.5665790038043892,0.025421037147270287,-0.7517996326599126
0.45660835806304845,-0.6653721342428311,-1.0,-8.729369831838975
0.9337421323542592,0.3191842600557504,0.3000762762823903,4.989260966464617
0.49069668143285283,0.6123194404938128,0.23210999118507147,1.4779700705297167
0.3246593916948368,-0.13484204315455273,0.39747110324396195,0.6632071097784109
-0.4100083596765831,-0.732002563483344,0.7452470251865031,1.3010313049064242
1.0,-0.5318542874319288,1.0,4.091498228782985
-0.858072022867304,-0.3493745130038164,-0.4007536989381657,0.2298476941218891
0.20541992915907437,0.8249785787619128,0.19601311439727342,2.167393181240639
0.2858165203395133,0.396842408103371,-0.3323305311574727,1.1417501421624987
1.0,-1.0,0.3682436659687438,-7.963781881008155
0.008883729416713448,0.24280748097822347,0.7531310599048042,0.4992734893115258
-0.19724841455382358,-1.0,-0.03576618188544867,2.9076654569846045
0.7684715372765802,-1.0,-1.0,-26.2799718141224
0.41323562453413887,-0.42284339157082407,-1.0,-5.912443037425111
-1.0,0.6197735618419897,0.06648250840522141,-2.4051157602982
-0.5475254867717356,0.6734787044318178,-1.0,-3.582775764097491
0.6681832765255284,-1.0,-0.877415205736171,-14.680908413698498
-0.032138615899357736,-0.7095517190668836,-0.6413838628165172,-0.39505987221707967
-0.48829301846983153,0.20518299720040933,-0.3588768474117654,-0.9426468481384862
-1.0,-0.46339787922593634,1.0,7.413999567616042
0.4687921810612441,-0.3200934003225433,-1.0,-3.5385216981636605
0.021157660478523743,-0.12246150744900808,-0.939571894913227,-1.6287767972186713
-1.0,0.9622039602981172,0.9550326095871522,11.726419914479779
1.0,1.0,-0.14132428072740222,15.994176306757257
-0.5725611945012268,-0.6336093202338688,-0.23854945818245366,1.4731030545888149
-1.0,0.4436028188276244,1.0,4.579763565156106
0.4127946296219607,-0.14199461354171805,-1.0,-4.014171484960913
-0.9867654928805467,-0.2377727575351687,0.5482174471759029,-2.327209260771328
1.0,0.5784702703324551,0.3390677783806315,9.349845849036809
-0.6684548008827107,-0.32828032777787164,-1.0,1.4067786710660115
-0.7270855984216442,0.571384469733923,0.17237389207370835,-3.1458450523520853
-1.0,0.39782073013510955,0.6202883598081459,-4.502087577696314
-0.674117064187455,-0.8466006781068598,-0.16350875947030485,3.476911435775355
0.03568465120616526,-0.8827953645313618,0.4970866332026038,0.5212390475913105
-0.36328199614404655,0.5174875803327919,-1.0,-3.181607021809245
-0.01947222015373362,1.0,0.22151198571641628,6.59993702985762
-0.33689583498790343,0.9773022657730643,-0.24441753355734575,5.754412584943846
0.5238945587090591,0.7314225486333723,0.29275014488987683,2.72482197977019
-0.11804348920184848,-0.9656273688792463,0.8777140718134708,-2.72407703871423
0.45263778822272793,0.09386550267547711,-1.0,-2.303712821115178
-1.0,0.33450795647653275,-1.0,15.847532060810172
0.7589376746561081,0.9097550970750876,-0.4239691142065565,6.362647937673981
-1.0,-1.0,-0.5260516528518762,3.8773236640385598
-0.7085082964255758,-0.08227937975531652,0.42649566290849283,-0.3909061560561071
1.0,-0.4930433117544766,1.0,5.25779653134053
-0.44521789263000167,0.5050567589042783,0.6498670317220945,-1.0887265169324551
-0.014940195672187073,0.5462018838806535,-0.804614228153995,-0.6998638273787329
-0.10938316493419209,-0.3251728003295564,1.0,-0.6330862223029844
0.02139105467051472,0.43543849593006057,-0.09240162355696668,0.5110143510279447
0.4041536728930315,0.7240678152315831,0.539539207636426,3.2575756140117513
0.9384539598895023,0.3422744685269383,0.1569855069422179,5.467973895945441
1.0,0.23642846942095996,-1.0,10.510974110601897
1.0,-0.7677865078448587,1.0,-0.001888846654450528
1.0,-0.02015458524883984,-0.4680442684401951,4.816385369904442
0.339393510298599,-0.47718475561340723,1.0,-2.207519818381856
0.1410508231893186,1.0,0.2982921251312556,7.783706056267225
-1.0,-0.07612575309155911,-1.0,10.461363485981535
-0.10942024730475386,0.4266894157230203,0.9770883296251633,2.4485108673846945
-1.0,-1.0,0.4425669646868555,11.274125225791726
0.9146662951063691,-0.6731694141736386,-0.15513538207573685,1.0970448372183907
-0.8528836680678247,-0.14776429115778766,-0.11121164979875275,-2.201035058428822
-0.7685906100445372,-0.8986873942198612,-0.1714791873614363,4.773011564929432
0.8584026507310845,-0.5569314786920685,-1.0,-4.959540128091082
-0.047996019534969125,0.13229024218184637,-0.8354272834277785,-0.34809048299719697
-0.03835538932223792,0.2506657992678645,-0.17758744238103352,1.0743478132418918
-1.0,0.29110847935047035,0.5458714570649998,-3.842669826300323
-0.6599099609048185,-0.7887336367555124,-1.0,-3.7615684076503673
0.22946062846191428,0.18604220602805888,0.11597812963085596,0.8133648070913896
0.41206061070595146,0.40145018615274775,-1.0,-2.8927092582978755
0.6040779857422203,-0.492002756945493,-0.1043667852732657,1.6867187925069893
-0.7233040128535018,-0.8826383222321299,1.0,4.235360577138854
1.0,-0.31764341799522167,0.06519635835523463,3.848952892153612
-1.0,1.0,0.19244058051111868,4.718696236407927
0.7982686039607183,-1.0,1.0,-6.823915662560731
0.24106692635380522,1.0,0.04313558461524991,7.99129306098529
1.0,-0.12395955719565066,0.4323698940491614,5.102386908035923
0.3895760835506359,1.0,-0.9051667196514537,9.502970336900942
-0.9880788138104892,-1.0,-1.0,2.205134939013488
-0.015322362202735862,-0.37000206061091245,-0.011925997349366613,0.6639673772244449
-0.47660053327030183,-0.6372393462648642,0.5275471161236742,-0.07891978555742996
-1.0,0.01962023258516088,0.4401154441730182,-3.1544787830685292
-0.41088534523610587,-0.6292400762911321,0.33332954868615494,0.8953384942151218
-0.06699581755980155,0.6492604740346946,-0.883977137593579,-1.6846066876015628
-0.12391506028761667,0.748551995419348,-1.0,-3.3273480243003144
1.0,-0.9420239777676915,1.0,-5.839488287318503
-0.5817204270530678,-0.6551542888453763,-0.26096326626489796,2.3460291117805094
-1.0,0.6237367789787391,0.6628265706834369,-3.701485671198588
-0.24533577143012653,-0.9562661810880904,-0.5562816669516544,0.9362610242188298
-0.9910341216236189,-0.003213996738832714,1.0,3.487882790719694
0.7329959570585094,0.18266480903256843,-0.06112470777154577,1.4994225105040082
0.6632974041687401,-1.0,-1.0,-24.614613354066517
0.29733221555258416,1.0,0.31951195936946397,7.742001907891693
-0.7768060463508397,0.9894246260532371,-0.04628697356533684,3.2498950099434696
-1.0,-0.543139213561344,0.7800686260986271,4.390859920448938
0.30335460201213493,1.0,-0.25908504124640364,9.641535920211991
-1.0,0.884765726834565,0.15897755491659615,1.606704393595683
-0.008362997287381324,0.3024150716723373,1.0,2.6529465878806464
1.0,0.22437599409676623,-0.04962463795635452,5.296024691299215
1.0,-0.3685901631027366,1.0,6.637686245040222
-0.5668024125137394,-0.504438818943308,0.3728373483860472,0.9846301467824323
0.3111229291455382,0.5084094702616737,0.1319839527704656,1.0851167300026745
1.0,0.7145903555781632,1.0,25.376512154735916
1.0,0.6884502283429339,1.0,25.454335703997337
-0.4448854096201378,-0.7045735812717255,-0.18096700685015565,2.2050052027323797
-1.0,-1.0,-0.8335780067626564,3.638266749150488
1.0,-0.7463017241939851,-0.8746606875636354,0.5465670089693093
0.16434309642079303,0.489414750410492,-1.0,-3.555083537379484
1.0,-0.35674735812876035,0.5858754570620845,6.0717475761317115
0.2297678750984793,0.5031381688629382,-0.9230761709272748,-1.0792452711344853
-1.0,-0.2571288808315635,0.11888252273055033,-3.018082679390286
-1.0,-0.29672811145053357,0.2637095789871362,-2.912382073301515
-0.3234164957259311,-1.0,0.567152225288359,1.7426674152214652
-0.08187950171850855,-0.09308202264503262,0.03969914150793574,-0.07074240595626824
-0.6453623161852933,0.22832618326014198,0.7544087769963832,-1.0055733769558315
-0.5048573136319119,-0.0856822632078238,0.5165857695804665,-0.2462856096862859
0.9768777082349893,0.22920272281704412,-0.1989357777140517,3.3440870172912263
-0.6070381915850056,-0.2782199281803066,0.3081419927768483,-1.0293470517887084
1.0,0.026658441658050425,0.3048942397737202,5.136067748308964
-1.0,-0.09825111849057211,-0.244806621226916,-3.003679358900872
0.012736022616330445,0.7504623676077968,0.9074048245558106,5.128594061156414
-1.0,1.0,0.4699915729082662,2.403319504200813
0.7194491333801536,0.01926638460101926,0.7529292280005577,3.035938048654984
0.22218330757413196,-1.0,-1.0,-18.88803450512167
1.0,-0.6416581274852298,-0.019515589488775298,2.908143451331615
-0.3206871649104035,-0.010248015740211391,0.9136718911030155,0.41102447399568254
0.4621539496577889,0.9933047911444737,-0.14031264582577396,9.328509437799532
-1.0,1.0,-0.37600778273874047,11.026921402268197
0.726744926854958,-1.0,1.0,-7.414133683864674
0.34659299767124874,-1.0,0.29299705145634247,0.05713287662936695
1.0,-1.0,0.10248934217907091,-7.9510225772373575
1.0,-0.14890386368419173,-0.3572764345958235,5.300057129088583
0.18627288853240587,0.18673895115112438,0.021197777325788536,1.6042610981762677
-0.4238919715753946,0.9825476947927139,1.0,14.575724442314115
-0.1959993908136617,1.0,-0.22076806360854428,7.787265029154477
-0.6850865848856338,0.5034770356118823,-0.6295840561120407,-1.8004334096937318
-1.0,1.0,0.7626102865387503,2.824890436112318
1.0,-0.326044759608362,-0.9700554752545392,5.230072303894404
0.9780637477278642,-0.508530348592622,-1.0,0.23360170332038532
0.41047447398124737,-0.5032913881371888,-0.3242187471340392,2.398272421665809
0.3403755805555042,1.0,0.6790474199955139,7.94935271891432
1.0,0.552604702622663,-0.16721856037809357,6.045756230722675
0.8238596794806679,0.24082888035909678,0.6116669167868047,3.7332731616483787
0.6808723557714413,0.08926196695271771,-0.5773168953790584,1.926370449575443
0.996139896026841,-0.7290755778469424,-0.6427877659741317,2.423922112378951
-0.5621010533378112,-1.0,0.5737819903750683,3.1707103926539
0.07935960629913552,-0.858690998376733,-0.6833449197300567,-1.6819988320504362
0.34477955491079704,-0.17650007213602348,-0.14179269432024455,1.9143750824169015
0.8374685741885051,0.05463239724039881,-1.0,1.2877560440308533
-1.0,0.09218945011211122,0.2387746231002228,-4.775392175501159
0.6934542392475562,0.7881312571582095,-1.0,0.9009543490717182
-0.21795200216269617,0.273634849150749,-0.2106269376953529,0.5048033930129969
0.10807217344551967,-0.26959484373333664,0.8159500923596643,0.12335461878732334
1.0,0.6568674788313844,0.3556600360422322,9.325100349163808
-0.6233411462897245,-1.0,1.0,-1.1625425854163747
-0.30701504515629674,0.3250104851724416,0.4059685638174322,-0.29215195102815583
0.3480750655019553,1.0,0.5289365874380956,6.872015748963039
0.44114793120411355,1.0,-0.5398357083726089,11.580988470987526
-0.4172086297508315,-0.858098015105943,-0.539241288379134,1.3555542890577852
-1.0,0.03030226288922422,0.9992677245800328,3.5230475233744314
1.0,-0.28899827530366395,-0.14787525622491904,4.0115707482016605
-0.8349110935774773,-1.0,0.43991819854928793,7.915392581280782
0.3778122099066654,0.7061220860710431,0.5717436970322076,2.7561403790255747
-0.6149306840417406,-0.8906501506405662,1.0,1.477154691650692
-0.16297012904435837,-1.0,0.6765393971581848,0.1731640749025181
0.34356592678581044,0.33137101100289623,1.0,1.233808632772732
0.2921651754897219,-1.0,1.0,-7.084725344351933
-1.0,1.0,-0.29757687333034655,11.195256517006639
-1.0,-0.7556167322253067,-0.011767676625471735,2.122682568450987
-0.3675480313552748,-1.0,-0.25885654967947946,2.4523981810496935
0.21395586242473996,-0.6374495762819969,-1.0,-7.7940129985288324
-1.0,-1.0,-0.45463347490536,6.001383387695262
0.8093167814007096,-1.0,0.04485430924280487,-3.578356363729265
-1.0,-0.10732960512894762,0.5818253553236203,-2.548958267802447
-0.9505363867161549,0.014051006259917287,-0.30429447791688147,-2.349359024676157
-1.0,-0.4059846720577185,-1.0,6.160913065018273
-0.6075300699173845,-1.0,0.41859559505005217,4.316288925202419
1.0,-0.2139493075833414,0.2066427061169016,4.772138374285832
-1.0,-0.2970614922114392,1.0,4.322277154964186
0.17264912150082168,0.9676769984396334,-0.7903911337315748,7.958723040978265
0.6298374640280857,-0.8154765745199868,1.0,-5.586099162293066
0.9670352342287605,0.28409766529996316,1.0,16.06202718046362
-1.0,-0.4140441562750665,0.05230839169207613,-2.791392097843014
0.13560241813682805,-0.584299058720317,-0.21113054676219334,1.6814516461328408
0.07855683116881518,-1.0,-0.782025538596899,-7.104956721543949
0.3931180517976358,-0.6502076184816152,-0.21671358370220428,1.384575216039681
0.39513548886311645,-0.0942818656491109,-1.0,-2.897940214149094
1.0,-0.9810146488199507,1.0,-7.97292862746649
-0.6492834016430324,-0.3474743550880268,0.5111644864384886,0.131394467458686
-0.661788335148487,0.11492550444654759,-0.11966882524358091,-0.8053875756625591
-0.5037606341729219,1.0,-1.0,0.5124188202200851
-0.15679821342276434,1.0,-0.645535489608587,8.692231697590657
0.025850514335969077,0.9445295044846505,-1.0,0.9525566111204222
-0.5136799346369763,-0.7111088360607467,0.22634779311954145,1.3994179346156133
-0.7607177642769827,0.09736420890055597,-0.34556877616839365,-0.612314100112721
-1.0,-1.0,0.492671316490662,11.831217397600131
-0.9477706773220411,0.5746531317334107,-0.8898074269473613,7.848889068411894
0.31294705673762535,0.1746774828670259,-0.24375397445522817,1.691611020601222
-0.8657328787665202,-1.0,0.3089053092079075,7.971375924790745
0.6163831785727532,-0.991936971961223,0.6349869606075975,-1.2334697519160809
0.28712668209710346,0.29906066378747975,0.17132863400408715,0.21921495586128759
-0.3996638269416146,0.25330149576080085,0.64804473840957,-0.3431508427470269
1.0,-1.0,-1.0,-29.477312946986892
1.0,-0.8086785961787175,1.0,-1.1068051571206248
1.0,0.19769359019152177,0.14523291414224393,5.708109614508145
1.0,-0.09512107896926358,0.06529130659649951,5.756893465283779
-0.8758448778522243,-0.6156364168560711,-0.19578380170561172,1.8226813752420161
1.0,0.3115283607109398,-0.21613114441188408,4.222499432735358
1.0,-1.0,0.550926442063802,-6.892632205263683
-0.5981775972035301,-0.48419970922742106,0.5556949043356172,0.5770745822429602
0.7397571059289496,0.007911809253561053,-0.7583168158419484,1.7808875212552993
-0.032123661742170295,0.6557218533082008,-0.0797771837709631,0.782945135148247
-0.2568856233948609,-1.0,0.2792310463310703,3.557064544167969
0.42322456881557846,-0.6451741909835995,-1.0,-8.115329409343811
-0.15092195782746742,0.09514919818548684,0.5321936712183144,0.7678851865442456
-0.5094190272823627,-1.0,0.9338700393463366,-1.435884525632343
0.4557769017252957,0.6333176029958363,0.8626247561614486,3.559130377052257
-0.6989917349142634,0.3595681895963736,0.8702561529236339,0.33903545881088604
0.33131878734395226,-0.4275977953346868,-0.10779184377427264,1.4195122662337156
0.4830068248160624,0.041850521631529025,0.01719722000201873,1.0551184315965612
-0.205224361056342,0.6285516440676995,-0.27784543427439856,-0.46568784033933797
-0.47652539435568775,-0.4211866901880088,0.3183820989209354,0.2920906648361796
1.0,0.8852314900191485,1.0,26.257783238940206
0.7869587103586912,0.6573463205776024,0.11398498370444354,3.658438389005593
0.17477945606803447,0.9742298979690658,0.839939814361299,8.148941147745676
-0.7973392922426175,0.6481984699448045,-0.37765014860981494,-2.394014250586138
0.18132231970266388,-1.0,0.2920376550746757,1.4556428423918522
0.5227913179114512,0.32731952278219856,-0.4609845002074864,0.37442910800905693
-1.0,1.0,-1.0,21.29823935054157
0.18765372156601523,0.1672910845158897,0.3208846580162721,0.3118948393424696
0.14548451043970356,0.2370923870164967,-0.630750133698146,0.1715191240824474
-1.0,-1.0,-0.04574023159519158,8.163009618839837
-0.15174144843744442,1.0,1.0,13.056183937893389
-1.0,-0.5932422542278686,-1.0,5.376741328703039
0.23215374405543154,1.0,0.15468760182079677,7.925634750167085
-0.29285469765624583,-0.4517778878869292,1.0,-0.2525204833398196
-0.6185079919902816,-0.3367705621949133,1.0,1.9756223804280189
0.47595618497829295,1.0,0.9807847318167671,9.537787753952049
0.654244312414356,1.0,-0.33263009690106116,10.021382928160621
-0.07748281487171571,1.0,0.20369681977494603,7.465879373491016
0.44775866045324353,-0.6238842291739675,-0.001689018864078573,0.9628496863639925
1.0,0.5434928189025832,-1.0,13.971647702030738
-1.0,0.5891343935062825,-0.10651207386184636,-1.9798836148584524
1.0,-1.0,-1.0,-30.405380650533214
0.6424657291892435,0.05090687950885586,0.20350313946164422,1.838659733540911
0.6431973270566385,-0.8432246977408395,-0.05796183839467073,-0.37842505822843475
-0.43441979867566505,-0.2270817310727664,-0.09135843916134845,-0.3337281722600499
1.0,-0.4880927973609621,-1.0,2.2775264965857573
0.642166925335443,-0.2997191637975276,-0.23829992647451603,1.9458367208589624
0.00044480265179625,0.4677848737969166,0.9816309300644608,3.185385133630324
1.0,0.3025956472090039,1.0,19.20534078839546
-0.8639121093079907,0.02989268578780324,0.15469485915481207,-2.659824396524758
0.5816386201622776,-0.07876880162451183,-1.0,-2.9513234964569723
0.10836493821865778,-1.0,0.3135939064197444,1.678830709627538
1.0,0.9522799380243834,0.3163367064492857,11.405257649289412
-1.0,1.0,-1.0,21.38291454826207
-0.9484295982977091,0.573749290643901,1.0,5.970646457010227
-0.40141416452177947,0.14069980703069085,-0.07971938756899632,-0.9194629177192553
-0.8484962516029324,1.0,-0.09026871186484375,4.861201862193021
0.15156242797459796,1.0,-0.06572438619014309,8.074460169877495
1.0,0.4820897750619644,-0.0017067563641977035,6.47866642199353
0.38365045010784815,0.27395733602562666,0.3315144613797749,0.9340232354012293
0.438139013703442,0.686998587096578,-1.0,-3.5303129565609748
-0.9390621002828119,-0.062113706022505655,-0.7862959910507359,2.2787512509131296
1.0,0.2702029071678178,-1.0,10.718033678129078
-0.25984163390631676,0.0895611280816846,0.48073113152006663,-0.42939919503683005
0.36227842120231757,-0.37763082143539695,-0.44307850003611415,1.4561468068594
-0.16704471257643028,-0.46073013275752306,0.7363689005984144,0.18586279948448547
-0.9026976295297786,0.40061285893670795,0.22457696078565026,-4.00977291931181
0.15550054247681566,-1.0,0.3749271297045942,1.9141513314956689
-0.0890557627884494,1.0,-0.1582850107977769,8.689181669931804
0.5991684669741668,-0.9625678171713241,-0.6741071566599672,-5.880542662084343
-1.0,1.0,-0.257821497626594,10.234525775345283
-0.234109409178892,0.8526392703017465,-0.19260280917752493,2.6845089420437644
0.9390661805033098,-0.906698611010744,-1.0,-17.34705406142345
-1.0,0.009339108048857625,0.6752354389319954,-2.8487411160110025
-0.3545272655542058,1.0,0.24576276720325874,6.0936702771175515
-0.13334139442463377,0.2820749193343872,-0.003326045391524257,-0.4656060299419033
0.7789203401821827,1.0,-0.10382608286926787,9.283465521521753
0.1503945781157472,-0.24496469141013244,-0.017819412162626502,1.725393729534276
-0.4630546474708259,-0.5050383817890371,0.03866296537048375,0.5928575637467633
-0.10709720777132703,1.0,-0.5300472905030578,9.572235597329728
-0.12639311468709336,-0.22838020419178506,-0.3644007567207215,1.101919153055155
0.15220387820685577,-0.5592093510962901,-0.5324838474759366,1.1189824368166663
-0.5595367263569453,-1.0,1.0,-1.4623826424136221
1.0,0.046238350394511185,0.4823171643152733,6.467278059781188
-1.0,0.150713081819001,-1.0,12.979620806926418
-0.8198545832245072,0.558644065363787,0.13330914649441805,-3.8176446266885673
0.9267084238341725,1.0,0.04322174170361959,11.916418752452618
1.0,0.5327113514231485,-0.35456980104475555,5.358685928887136
0.4947640504571278,-1.0,0.6178589556806089,-1.1052941961759821
-1.0,-0.37426093692076057,-0.1197398276365016,-3.011089302121247
-0.10080630455795503,-1.0,0.2940777318660812,2.396121309515806
-1.0,-1.0,-1.0,3.4938066649401494
1.0,0.7040188016856599,0.6348587753286383,12.766103513382376
0.09198127352524588,0.533352893010546,0.7472919099575399,1.0954197711260636
1.0,0.8219166263479021,-1.0,20.687476575346473
0.23490889953285232,1.0,-1.0,5.226961709285748
-1.0,0.7074556621874406,-0.9558228357138749,17.171851880476986
-0.052209914801658375,1.0,0.6174126139388803,9.178543327157495
-0.8216431848729211,1.0,-0.33746485310516716,5.6620024378548255
0.782974666585883,0.1926375896659429,-0.05794311422710563,1.2865205324755427
-0.6986549632533641,0.7118263672469953,-0.5076300521849921,-2.7624167504805968
-0.5287811798548621,0.4497418771719235,1.0,3.2353572551875303
0.9818342956617192,-0.624129061598568,-0.3817260434081027,2.5759380934278955
0.30488334733996103,-0.37989207090189225,-0.1907352425223765,0.5038951158642576
0.8841114924845421,-0.42870983893987535,0.91522413859437,2.5544059896174973
0.21830054000159427,-0.5577211949918959,0.7307795310186491,0.6321985164774534
0.091465566683131,-0.7918313702576436,0.41753374259527565,0.4668889000434735
-0.6309517998754384,0.7592170692353408,0.8430676280842557,2.8978489142166723
-0.5068118651263882,-0.10020996483277211,0.10140624870850701,0.42458435038142944
